pickup_datetime,dropoff_datetime,passenger_count,trip_distance,fare_amount,tip_amount,trip_duration,fare_per_mile
2020-01-16 04:37:00,2020-01-25 02:02:00,4,25.6,90.7,3.41,12805.0,3.54296875
2020-01-05 00:28:00,2020-01-22 02:08:00,5,10.14,18.68,7.5,24580.0,1.8422090729783036
2020-01-19 12:19:00,2020-01-23 12:22:00,2,16.37,29.45,16.4,5763.0,1.7990226023213194
2020-01-02 03:43:00,2020-01-22 12:46:00,1,2.93,4.17,10.37,29343.0,1.4232081911262797
2020-01-10 07:04:00,2020-01-16 04:33:00,2,5.21,14.4,10.17,8489.0,2.763915547024952
2020-01-06 15:21:00,2020-01-13 11:38:00,5,6.46,99.3,19.08,9857.0,15.371517027863776
2020-01-06 00:15:00,2020-01-06 20:07:00,1,17.62,67.21,6.47,1192.0,3.8144154370034045
2020-01-08 19:18:00,2020-01-21 20:14:00,4,25.55,8.73,11.38,18776.0,0.3416829745596869
2020-01-17 09:13:00,2020-01-26 07:05:00,2,23.21,6.15,11.93,12832.0,0.26497199482981476
2020-01-04 16:24:00,2020-01-27 08:15:00,5,14.06,10.48,10.05,32631.0,0.7453769559032717
2020-01-23 09:56:00,2020-01-27 22:57:00,2,27.09,64.45,19.32,6541.0,2.379106681432263
2020-01-03 11:30:00,2020-01-23 07:16:00,4,26.49,40.18,17.28,28546.0,1.51679879199698
2020-01-06 16:55:00,2020-01-17 09:53:00,4,19.33,35.24,11.41,15418.0,1.8230729436109676
2020-01-16 02:32:00,2020-01-24 08:04:00,1,25.97,35.63,13.56,11852.0,1.3719676549865232
2020-01-27 02:57:00,2020-01-30 17:27:00,2,26.27,22.18,9.5,5190.0,0.8443090978302246
2020-01-07 17:25:00,2020-01-18 21:55:00,3,8.03,32.6,18.39,16110.0,4.059775840597759
2020-01-03 05:45:00,2020-01-12 01:54:00,3,1.16,68.06,11.71,12729.0,58.67241379310345
2020-01-02 21:39:00,2020-01-25 22:08:00,1,15.88,9.06,3.62,33149.0,0.570528967254408
2020-01-06 02:34:00,2020-01-25 14:58:00,4,14.84,98.46,5.76,28104.0,6.6347708894878705
2020-01-07 11:32:00,2020-01-28 09:15:00,4,20.84,41.41,4.67,30103.0,1.9870441458733203
2020-01-20 11:47:00,2020-01-23 05:06:00,4,0.52,19.36,12.29,3919.0,37.230769230769226
2020-01-04 21:35:00,2020-01-22 10:56:00,4,7.64,6.13,9.9,25281.0,0.8023560209424084
2020-01-12 13:04:00,2020-01-13 23:53:00,4,12.15,32.38,16.52,2089.0,2.6650205761316874
2020-01-16 07:28:00,2020-01-25 01:38:00,1,16.58,57.39,6.28,12610.0,3.46139927623643
2020-01-06 13:32:00,2020-01-11 23:39:00,3,29.08,6.15,7.91,7807.0,0.21148555708390648
2020-01-18 02:17:00,2020-01-25 03:34:00,1,3.58,62.34,3.19,10157.0,17.41340782122905
2020-01-09 18:20:00,2020-01-14 06:30:00,2,18.61,53.06,0.47,6490.0,2.851155292853305
2020-01-07 09:42:00,2020-01-12 02:45:00,1,12.91,71.97,5.96,6783.0,5.5747482571649885
2020-01-08 04:53:00,2020-01-23 11:03:00,1,19.32,22.31,12.19,21970.0,1.1547619047619047
2020-01-11 20:58:00,2020-01-29 17:00:00,3,27.59,15.82,14.21,25682.0,0.5733961580282712
2020-01-01 06:40:00,2020-01-13 21:18:00,3,22.13,93.08,10.41,18158.0,4.206055128784455
2020-01-02 15:21:00,2020-01-29 13:48:00,3,17.54,47.39,10.55,38787.0,2.701824401368301
2020-01-14 01:57:00,2020-01-20 00:36:00,5,15.23,39.82,5.81,8559.0,2.614576493762311
2020-01-18 10:18:00,2020-01-27 23:11:00,2,2.22,69.18,17.39,13733.0,31.16216216216216
2020-01-04 11:27:00,2020-01-09 22:16:00,3,26.06,63.78,3.84,7849.0,2.447429009976976
2020-01-19 12:52:00,2020-01-21 07:19:00,1,13.87,5.16,0.57,2547.0,0.37202595529920696
2020-01-16 14:21:00,2020-01-28 17:50:00,3,29.43,7.94,14.46,17489.0,0.26979272850832486
2020-01-04 07:07:00,2020-01-25 23:54:00,1,3.51,98.07,4.92,31247.0,27.94017094017094
2020-01-19 10:53:00,2020-01-27 14:27:00,4,17.87,90.71,3.78,11734.0,5.076105204252937
2020-01-02 07:24:00,2020-01-02 14:58:00,2,23.31,2.76,6.58,454.0,0.11840411840411841
2020-01-07 02:07:00,2020-01-17 19:27:00,3,8.07,93.93,16.89,15440.0,11.639405204460967
2020-01-11 02:15:00,2020-01-17 21:40:00,5,28.73,36.99,4.99,9805.0,1.2875043508527673
2020-01-07 03:25:00,2020-01-19 14:37:00,2,8.96,26.44,2.02,17952.0,2.950892857142857
2020-01-10 15:39:00,2020-01-18 13:18:00,1,6.92,15.75,8.1,11379.0,2.2760115606936417
2020-01-02 16:21:00,2020-01-10 15:05:00,2,15.1,84.93,5.66,11444.0,5.6245033112582785
2020-01-09 20:01:00,2020-01-25 16:19:00,4,1.02,75.6,16.97,22818.0,74.11764705882352
2020-01-20 14:35:00,2020-01-24 00:12:00,4,20.74,36.49,5.55,4897.0,1.7594021215043396
2020-01-22 23:10:00,2020-01-27 00:39:00,3,22.77,42.58,7.79,5849.0,1.870004391743522
2020-01-04 07:31:00,2020-01-08 08:55:00,1,12.09,45.33,14.99,5844.0,3.749379652605459
2020-01-09 03:06:00,2020-01-09 13:51:00,3,15.55,49.66,16.34,645.0,3.1935691318327972
2020-01-14 18:57:00,2020-01-19 11:41:00,2,11.5,25.69,11.62,6764.0,2.233913043478261
2020-01-01 03:28:00,2020-01-07 01:28:00,1,1.29,40.76,0.23,8520.0,31.5968992248062
2020-01-16 01:38:00,2020-01-28 10:14:00,2,27.61,94.49,9.7,17796.0,3.4223107569721116
2020-01-04 03:52:00,2020-01-20 23:47:00,4,18.6,88.06,12.17,24235.0,4.734408602150538
2020-01-05 22:34:00,2020-01-13 18:41:00,4,5.22,18.66,7.05,11287.0,3.5747126436781613
2020-01-10 13:09:00,2020-01-25 23:45:00,3,26.11,59.82,16.46,22236.0,2.2910762160091918
2020-01-19 07:44:00,2020-01-30 15:12:00,5,13.55,3.69,17.1,16288.0,0.27232472324723245
2020-01-01 05:50:00,2020-01-20 19:12:00,1,28.58,97.38,11.09,28162.0,3.4072778166550037
2020-01-22 02:52:00,2020-01-26 18:18:00,2,25.45,78.84,2.76,6686.0,3.0978388998035364
2020-01-18 09:11:00,2020-01-26 20:10:00,5,22.0,8.06,7.4,12179.0,0.3663636363636364
2020-01-12 08:50:00,2020-01-21 20:32:00,3,15.95,5.53,11.68,13662.0,0.3467084639498433
2020-01-02 14:30:00,2020-01-29 23:24:00,1,7.34,97.79,6.47,39414.0,13.322888283378747
2020-01-19 06:43:00,2020-01-22 08:41:00,5,24.32,53.85,18.49,4438.0,2.2142269736842106
2020-01-22 23:40:00,2020-01-29 18:29:00,2,24.84,87.28,18.76,9769.0,3.5136876006441224
2020-01-15 11:59:00,2020-01-24 00:51:00,1,25.54,66.07,3.65,12292.0,2.5869224745497257
2020-01-11 14:52:00,2020-01-27 19:10:00,4,10.73,91.4,1.89,23298.0,8.518173345759553
2020-01-20 19:10:00,2020-01-23 09:39:00,4,18.34,32.54,7.14,3749.0,1.7742639040348964
2020-01-04 22:26:00,2020-01-09 05:14:00,4,17.52,46.97,16.55,6168.0,2.6809360730593608
2020-01-07 11:18:00,2020-01-25 19:03:00,1,8.07,45.11,10.47,26385.0,5.589838909541512
2020-01-01 11:46:00,2020-01-26 06:24:00,1,4.48,30.49,0.48,35678.0,6.80580357142857
2020-01-20 00:00:00,2020-01-24 18:38:00,5,22.5,13.56,10.11,6878.0,0.6026666666666667
2020-01-10 18:23:00,2020-01-11 09:44:00,2,1.37,77.48,4.49,921.0,56.55474452554744
2020-01-09 20:53:00,2020-01-15 00:19:00,3,20.65,24.75,6.87,7406.0,1.1985472154963681
2020-01-10 09:48:00,2020-01-30 12:48:00,1,16.96,77.35,18.52,28980.0,4.560731132075471
2020-01-08 13:39:00,2020-01-11 20:49:00,5,5.17,42.3,4.52,4750.0,8.181818181818182
2020-01-24 09:49:00,2020-01-29 17:28:00,1,10.45,10.8,9.26,7659.0,1.0334928229665072
2020-01-16 12:26:00,2020-01-23 19:52:00,1,25.68,70.89,9.82,10526.0,2.760514018691589
2020-01-25 07:30:00,2020-01-29 18:40:00,5,29.92,51.76,12.16,6430.0,1.729946524064171
2020-01-11 05:39:00,2020-01-12 20:59:00,2,20.29,81.58,6.43,2360.0,4.020699852143913
2020-01-20 10:59:00,2020-01-24 02:59:00,1,3.1,53.09,19.05,5280.0,17.125806451612902
2020-01-03 15:25:00,2020-01-16 01:08:00,4,8.3,26.72,7.54,17863.0,3.2192771084337344
2020-01-01 20:21:00,2020-01-03 01:35:00,1,28.17,93.57,12.66,1754.0,3.3216187433439823
2020-01-17 10:41:00,2020-01-26 19:11:00,2,8.68,96.16,13.86,13470.0,11.078341013824884
2020-01-24 15:04:00,2020-01-27 03:00:00,3,5.84,71.61,14.33,3596.0,12.261986301369863
2020-01-10 10:20:00,2020-01-14 16:48:00,5,17.62,69.89,1.22,6148.0,3.966515323496027
2020-01-19 14:05:00,2020-01-29 10:32:00,4,15.64,24.21,18.55,14187.0,1.5479539641943734
2020-01-24 01:35:00,2020-01-28 17:37:00,1,12.2,36.9,15.72,6722.0,3.0245901639344264
2020-01-02 16:19:00,2020-01-12 19:15:00,2,4.7,18.01,7.78,14576.0,3.8319148936170215
2020-01-21 06:12:00,2020-01-28 21:24:00,4,5.71,55.96,5.75,10992.0,9.800350262697023
2020-01-17 16:37:00,2020-01-21 02:29:00,4,28.15,23.53,5.97,4912.0,0.835879218472469
2020-01-05 19:59:00,2020-01-18 15:38:00,4,16.18,40.13,14.69,18459.0,2.4802224969097653
2020-01-22 14:57:00,2020-01-25 09:58:00,1,6.29,39.4,15.29,4021.0,6.263910969793322
2020-01-11 17:29:00,2020-01-15 21:11:00,2,27.68,78.12,0.38,5982.0,2.8222543352601157
2020-01-06 08:46:00,2020-01-06 21:53:00,2,17.22,37.09,10.37,787.0,2.153890824622532
2020-01-02 06:34:00,2020-01-05 08:42:00,1,15.24,78.99,16.97,4448.0,5.1830708661417315
2020-01-15 22:44:00,2020-01-30 03:41:00,4,25.26,68.47,16.07,20457.0,2.7106096595407756
2020-01-11 10:26:00,2020-01-20 06:01:00,1,29.5,36.98,1.04,12695.0,1.2535593220338983
2020-01-20 11:24:00,2020-01-24 23:27:00,1,28.78,51.8,4.57,6483.0,1.7998610145934675
2020-01-09 22:16:00,2020-01-18 01:45:00,4,11.64,95.26,18.36,11729.0,8.183848797250858
2020-01-05 19:05:00,2020-01-20 01:46:00,5,15.71,23.63,6.77,20561.0,1.5041374920432844
2020-01-10 13:24:00,2020-01-19 01:39:00,3,14.33,24.79,1.19,12255.0,1.729937194696441
2020-01-11 10:26:00,2020-01-28 19:31:00,4,7.85,97.89,5.93,25025.0,12.470063694267516
2020-01-18 10:56:00,2020-01-23 04:46:00,1,5.49,93.61,10.44,6830.0,17.051001821493625
2020-01-15 13:48:00,2020-01-27 02:32:00,3,13.11,8.5,1.12,16604.0,0.6483600305110603
2020-01-17 14:22:00,2020-01-21 15:29:00,1,11.97,47.9,8.69,5827.0,4.001670843776107
2020-01-07 03:33:00,2020-01-07 15:12:00,4,16.04,86.11,6.22,699.0,5.368453865336659
2020-01-07 02:37:00,2020-01-10 10:03:00,2,17.44,5.12,5.7,4766.0,0.2935779816513761
2020-01-12 07:19:00,2020-01-16 04:08:00,1,20.84,4.02,10.95,5569.0,0.19289827255278308
2020-01-06 03:40:00,2020-01-15 14:20:00,1,25.18,47.25,15.82,13600.0,1.8764892772041304
2020-01-22 17:07:00,2020-01-30 14:42:00,1,21.38,49.75,3.06,11375.0,2.3269410664172123
2020-01-15 02:24:00,2020-01-27 13:44:00,2,1.84,86.89,7.31,17960.0,47.22282608695652
2020-01-06 22:05:00,2020-01-28 17:05:00,2,4.74,66.25,7.54,31380.0,13.976793248945148
2020-01-03 06:47:00,2020-01-16 02:45:00,5,21.69,28.64,9.03,18478.0,1.3204241585984324
2020-01-11 20:58:00,2020-01-16 12:28:00,5,23.13,87.63,2.33,6690.0,3.788586251621271
2020-01-06 01:11:00,2020-01-18 08:46:00,5,28.6,79.67,2.51,17735.0,2.7856643356643356
2020-01-16 22:51:00,2020-01-25 19:55:00,4,6.31,15.44,9.33,12784.0,2.446909667194929
2020-01-21 22:29:00,2020-01-27 22:05:00,4,15.5,40.18,8.27,8616.0,2.592258064516129
2020-01-17 10:27:00,2020-01-19 03:28:00,5,26.88,9.37,2.68,2461.0,0.34858630952380953
2020-01-06 03:11:00,2020-01-08 20:38:00,2,10.83,54.74,8.2,3927.0,5.054478301015697
2020-01-18 15:01:00,2020-01-30 15:47:00,4,17.69,26.76,7.43,17326.0,1.51271905031091
2020-01-27 19:21:00,2020-01-30 23:28:00,5,19.93,97.39,8.33,4567.0,4.8866031108881085
2020-01-11 22:10:00,2020-01-17 06:49:00,4,4.98,40.9,0.83,7719.0,8.212851405622489
2020-01-05 21:04:00,2020-01-30 12:55:00,2,8.83,75.6,8.85,35511.0,8.56172140430351
2020-01-20 09:06:00,2020-01-21 13:44:00,1,11.62,95.01,5.48,1718.0,8.176419965576594
2020-01-25 04:34:00,2020-01-28 01:46:00,4,27.68,61.15,8.0,4152.0,2.2091763005780347
2020-01-11 12:33:00,2020-01-26 17:15:00,4,19.11,97.06,4.7,21882.0,5.079016221873365
2020-01-01 20:26:00,2020-01-07 00:09:00,2,8.25,64.74,9.52,7423.0,7.847272727272727
2020-01-01 18:38:00,2020-01-19 01:17:00,1,27.43,55.68,11.01,24879.0,2.029894276339774
2020-01-18 00:02:00,2020-01-20 18:32:00,4,25.24,93.36,8.62,3990.0,3.698890649762282
2020-01-13 09:05:00,2020-01-16 10:39:00,3,20.56,81.63,18.83,4414.0,3.970330739299611
2020-01-12 12:02:00,2020-01-15 03:27:00,4,19.81,84.19,2.58,3805.0,4.24987380111055
2020-01-18 05:21:00,2020-01-28 14:21:00,2,11.6,89.52,1.3,14940.0,7.7172413793103445
2020-01-13 08:50:00,2020-01-18 09:15:00,4,25.87,88.74,4.64,7225.0,3.4302280633938924
2020-01-10 22:50:00,2020-01-26 22:18:00,2,8.16,20.62,7.38,23008.0,2.5269607843137254
2020-01-22 16:33:00,2020-01-27 12:05:00,3,8.46,29.93,1.19,6932.0,3.5378250591016545
2020-01-07 04:07:00,2020-01-14 22:36:00,3,7.73,36.76,3.14,11189.0,4.755498059508408
2020-01-14 12:10:00,2020-01-18 11:06:00,3,10.05,79.48,5.31,5696.0,7.908457711442786
2020-01-21 20:52:00,2020-01-24 19:00:00,1,18.48,21.59,3.21,4208.0,1.1682900432900432
2020-01-03 02:12:00,2020-01-07 02:42:00,4,15.63,24.32,13.68,5790.0,1.5559820857325655
2020-01-11 20:00:00,2020-01-28 04:03:00,5,19.45,38.3,3.76,23523.0,1.9691516709511567
2020-01-05 18:49:00,2020-01-25 04:12:00,2,6.33,37.86,7.06,27923.0,5.981042654028436
2020-01-08 12:17:00,2020-01-28 19:04:00,5,22.11,26.16,17.72,29207.0,1.1831750339213025
2020-01-22 13:37:00,2020-01-22 16:38:00,5,27.76,52.6,1.79,181.0,1.8948126801152738
2020-01-17 00:18:00,2020-01-26 08:27:00,3,14.53,94.27,8.46,13449.0,6.4879559532002755
2020-01-07 06:33:00,2020-01-26 13:57:00,3,5.78,30.78,7.95,27804.0,5.325259515570934
2020-01-21 16:35:00,2020-01-26 16:14:00,2,20.67,82.62,3.4,7179.0,3.9970972423802613
2020-01-19 00:08:00,2020-01-28 09:07:00,5,14.39,92.22,4.76,13499.0,6.4086170952050034
2020-01-02 10:09:00,2020-01-09 10:58:00,1,26.83,65.47,13.51,10129.0,2.4401789042117032
2020-01-05 17:25:00,2020-01-23 06:48:00,2,3.72,59.94,8.92,25283.0,16.11290322580645
2020-01-16 09:48:00,2020-01-25 21:29:00,3,5.42,19.27,3.38,13661.0,3.555350553505535
2020-01-04 13:05:00,2020-01-13 21:46:00,5,12.94,23.47,5.89,13481.0,1.8137557959814528
2020-01-07 07:15:00,2020-01-19 14:48:00,2,9.9,83.33,15.1,17733.0,8.417171717171717
2020-01-04 01:43:00,2020-01-09 21:28:00,5,16.8,11.11,11.05,8385.0,0.6613095238095238
2020-01-04 17:48:00,2020-01-05 13:43:00,3,24.33,51.13,15.9,1195.0,2.1015207562679823
2020-01-17 06:52:00,2020-01-23 11:39:00,2,22.71,29.95,12.91,8927.0,1.3188022897402025
2020-01-08 06:03:00,2020-01-18 20:13:00,4,28.38,98.22,0.46,15250.0,3.460887949260042
2020-01-20 13:07:00,2020-01-24 17:08:00,3,23.97,33.19,13.29,6001.0,1.3846474760116811
2020-01-04 16:49:00,2020-01-05 12:46:00,4,12.29,33.78,19.28,1197.0,2.7485760781122868
2020-01-05 06:36:00,2020-01-13 05:08:00,1,14.69,51.74,17.45,11432.0,3.52212389380531
2020-01-03 13:19:00,2020-01-30 08:56:00,4,2.84,60.9,16.9,38617.0,21.443661971830988
2020-01-05 06:22:00,2020-01-15 23:52:00,1,1.08,82.85,7.7,15450.0,76.71296296296295
2020-01-06 08:23:00,2020-01-14 21:34:00,3,5.11,88.71,14.44,12311.0,17.360078277886494
2020-01-17 00:17:00,2020-01-20 23:28:00,3,13.93,21.8,8.99,5711.0,1.564967695620962
2020-01-15 16:40:00,2020-01-17 00:57:00,2,25.63,79.45,7.33,1937.0,3.0998829496683578
2020-01-15 07:34:00,2020-01-17 13:00:00,1,1.42,6.59,3.3,3206.0,4.640845070422535
2020-01-12 12:17:00,2020-01-22 12:28:00,3,2.51,3.54,16.16,14411.0,1.4103585657370519
2020-01-09 21:24:00,2020-01-25 10:05:00,5,20.18,20.37,15.01,22361.0,1.0094152626362736
2020-01-04 20:00:00,2020-01-08 14:49:00,5,7.81,30.17,8.03,5449.0,3.862996158770807
2020-01-09 14:22:00,2020-01-20 21:44:00,4,14.92,70.3,3.9,16282.0,4.7117962466487935
2020-01-04 01:04:00,2020-01-06 14:19:00,4,14.24,65.96,14.71,3675.0,4.632022471910112
2020-01-15 04:51:00,2020-01-22 10:30:00,4,23.31,78.16,18.08,10419.0,3.353067353067353
2020-01-09 16:24:00,2020-01-15 01:15:00,2,5.66,90.58,9.3,7731.0,16.003533568904594
2020-01-04 22:06:00,2020-01-12 04:44:00,5,2.46,21.92,19.11,10478.0,8.910569105691058
2020-01-14 16:25:00,2020-01-22 18:30:00,2,6.16,35.15,1.81,11645.0,5.706168831168831
2020-01-06 00:56:00,2020-01-07 08:00:00,3,1.03,12.98,17.56,1864.0,12.601941747572816
2020-01-06 18:30:00,2020-01-07 02:38:00,3,19.45,17.17,9.62,488.0,0.882776349614396
2020-01-14 10:00:00,2020-01-19 10:38:00,5,11.28,3.17,1.46,7238.0,0.28102836879432624
2020-01-22 01:57:00,2020-01-27 17:29:00,4,13.38,98.26,13.42,8132.0,7.343796711509716
2020-01-16 04:44:00,2020-01-18 00:48:00,2,8.52,57.51,12.72,2644.0,6.75
2020-01-19 01:24:00,2020-01-27 09:42:00,4,24.85,32.75,15.89,12018.0,1.317907444668008
2020-01-04 03:43:00,2020-01-07 04:57:00,4,6.57,28.27,5.33,4394.0,4.302891933028919
2020-01-18 04:53:00,2020-01-26 17:40:00,2,27.61,65.91,5.12,12287.0,2.3871785584932996
2020-01-03 11:11:00,2020-01-05 06:12:00,4,5.92,99.48,12.68,2581.0,16.804054054054056
2020-01-19 12:41:00,2020-01-24 18:02:00,4,14.31,8.82,4.47,7521.0,0.6163522012578616
2020-01-02 11:20:00,2020-01-09 23:52:00,1,6.52,7.74,10.43,10832.0,1.187116564417178
2020-01-05 22:58:00,2020-01-30 22:16:00,3,7.71,73.13,5.02,35958.0,9.48508430609598
2020-01-18 13:29:00,2020-01-19 08:22:00,2,13.45,81.84,15.76,1133.0,6.084758364312268
2020-01-08 19:43:00,2020-01-10 03:45:00,3,14.34,44.34,8.04,1922.0,3.0920502092050213
2020-01-18 05:22:00,2020-01-28 18:53:00,3,23.71,27.86,0.14,15211.0,1.1750316322226908
2020-01-08 10:04:00,2020-01-30 03:24:00,2,16.8,34.58,12.64,31280.0,2.058333333333333
2020-01-19 11:40:00,2020-01-28 10:50:00,1,20.27,27.6,10.3,12910.0,1.3616181549087323
2020-01-17 01:34:00,2020-01-19 05:47:00,2,27.36,73.62,10.17,3133.0,2.6907894736842106
2020-01-02 12:39:00,2020-01-29 23:46:00,3,14.45,11.48,1.59,39547.0,0.7944636678200693
2020-01-14 17:39:00,2020-01-22 19:46:00,1,21.44,49.75,11.75,11647.0,2.3204291044776117
2020-01-09 07:35:00,2020-01-12 06:41:00,4,29.39,66.15,17.82,4266.0,2.2507655665192243
2020-01-15 10:42:00,2020-01-15 16:44:00,1,22.63,39.84,12.93,362.0,1.7604949182501106
2020-01-20 19:56:00,2020-01-21 19:23:00,1,6.49,50.25,19.46,1407.0,7.742681047765793
2020-01-19 09:34:00,2020-01-21 02:02:00,3,20.72,67.68,18.0,2428.0,3.266409266409267
2020-01-13 20:20:00,2020-01-17 09:36:00,5,9.68,10.72,4.62,5116.0,1.1074380165289257
2020-01-15 12:02:00,2020-01-30 21:28:00,1,25.82,38.59,7.38,22166.0,1.494577846630519
2020-01-06 16:27:00,2020-01-13 01:12:00,1,20.96,40.76,16.13,9165.0,1.9446564885496183
2020-01-12 09:57:00,2020-01-16 13:22:00,4,19.93,42.97,1.99,5965.0,2.156046161565479
2020-01-22 15:56:00,2020-01-24 03:50:00,5,8.71,12.33,0.64,2154.0,1.4156142365097588
2020-01-02 11:33:00,2020-01-29 06:01:00,5,4.24,56.22,10.69,38548.0,13.25943396226415
2020-01-16 16:55:00,2020-01-26 19:18:00,1,14.38,99.03,17.21,14543.0,6.886648122392211
2020-01-01 14:23:00,2020-01-23 03:20:00,5,28.72,86.71,5.53,31017.0,3.019150417827298
2020-01-16 09:56:00,2020-01-19 02:26:00,1,29.55,53.86,7.95,3870.0,1.822673434856176
2020-01-06 20:13:00,2020-01-19 16:15:00,4,23.91,84.81,5.55,18482.0,3.547051442910916
2020-01-09 18:51:00,2020-01-14 16:13:00,2,27.65,23.26,5.69,7042.0,0.84122965641953
2020-01-24 01:22:00,2020-01-29 19:40:00,1,24.02,35.68,2.98,8298.0,1.485428809325562
2020-01-18 19:34:00,2020-01-28 13:35:00,1,27.84,95.51,6.51,14041.0,3.430675287356322
2020-01-22 03:23:00,2020-01-25 04:34:00,4,7.38,37.55,17.99,4391.0,5.088075880758807
2020-01-07 10:08:00,2020-01-10 02:19:00,1,26.63,93.06,7.92,3851.0,3.494555013143072
2020-01-14 20:20:00,2020-01-24 07:08:00,3,25.92,3.69,9.9,13608.0,0.1423611111111111
2020-01-03 06:14:00,2020-01-06 08:01:00,4,16.98,64.37,15.31,4427.0,3.79093050647821
2020-01-22 03:53:00,2020-01-23 16:37:00,4,27.52,73.01,5.56,2204.0,2.652979651162791
2020-01-12 08:48:00,2020-01-12 13:17:00,3,8.84,55.63,6.55,269.0,6.292986425339367
2020-01-06 19:05:00,2020-01-19 19:55:00,1,9.0,26.72,0.14,18770.0,2.968888888888889
2020-01-10 01:58:00,2020-01-25 09:54:00,4,11.34,86.39,2.65,22076.0,7.618165784832452
2020-01-18 04:09:00,2020-01-28 13:35:00,1,10.62,31.72,4.11,14966.0,2.9868173258003767
2020-01-10 20:47:00,2020-01-11 01:11:00,1,12.65,86.53,6.1,264.0,6.840316205533597
2020-01-01 13:22:00,2020-01-11 12:30:00,5,4.53,78.84,1.59,14348.0,17.403973509933774
2020-01-16 02:38:00,2020-01-28 04:29:00,5,28.37,39.55,18.62,17391.0,1.3940782516743038
2020-01-18 23:11:00,2020-01-20 20:32:00,2,11.45,37.71,14.54,2721.0,3.293449781659389
2020-01-04 23:24:00,2020-01-14 05:47:00,4,25.85,26.92,17.36,13343.0,1.0413926499032882
2020-01-23 16:25:00,2020-01-29 20:19:00,3,29.85,37.13,7.98,8874.0,1.2438860971524288
2020-01-05 17:56:00,2020-01-13 16:36:00,2,22.5,81.69,2.12,11440.0,3.6306666666666665
2020-01-04 11:54:00,2020-01-22 02:01:00,2,28.5,63.06,14.71,25327.0,2.2126315789473683
2020-01-03 18:00:00,2020-01-05 00:30:00,2,28.93,73.12,17.77,1830.0,2.5274801244382994
2020-01-09 04:49:00,2020-01-26 07:55:00,3,27.06,78.89,19.88,24666.0,2.9153732446415375
2020-01-02 17:25:00,2020-01-24 19:07:00,1,24.11,53.58,17.22,31782.0,2.222314392368312
2020-01-03 15:51:00,2020-01-08 17:48:00,2,15.12,27.11,12.63,7317.0,1.7929894179894181
2020-01-11 18:01:00,2020-01-16 16:35:00,5,28.64,68.86,8.26,7114.0,2.4043296089385473
2020-01-21 17:17:00,2020-01-23 10:09:00,1,11.97,49.41,6.56,2452.0,4.12781954887218
2020-01-03 04:22:00,2020-01-06 21:40:00,3,25.47,23.36,5.84,5358.0,0.917157440125638
2020-01-06 07:57:00,2020-01-26 15:38:00,1,19.31,10.53,6.36,29261.0,0.5453133091662351
2020-01-05 21:50:00,2020-01-07 00:37:00,5,17.6,64.67,5.8,1607.0,3.674431818181818
2020-01-23 13:12:00,2020-01-25 10:49:00,3,9.55,29.43,11.31,2737.0,3.081675392670157
2020-01-04 02:01:00,2020-01-16 13:24:00,2,24.78,28.58,6.04,17963.0,1.1533494753833735
2020-01-11 21:16:00,2020-01-28 15:41:00,2,8.19,67.77,17.84,24145.0,8.274725274725276
2020-01-15 17:34:00,2020-01-22 10:27:00,4,16.84,80.21,6.66,9653.0,4.763064133016627
2020-01-01 12:50:00,2020-01-25 16:08:00,2,6.13,27.84,4.83,34758.0,4.541598694942904
2020-01-19 19:00:00,2020-01-20 13:49:00,2,23.49,20.16,17.54,1129.0,0.8582375478927203
2020-01-10 07:11:00,2020-01-14 19:32:00,2,15.15,94.79,16.85,6501.0,6.256765676567657
2020-01-21 04:57:00,2020-01-30 02:34:00,5,23.71,40.62,10.94,12817.0,1.7132011809363137
2020-01-02 19:52:00,2020-01-08 21:55:00,3,24.55,4.16,19.22,8763.0,0.1694501018329939
2020-01-18 14:58:00,2020-01-23 00:10:00,3,3.96,46.29,16.9,6312.0,11.68939393939394
2020-01-03 06:51:00,2020-01-12 10:06:00,2,24.21,57.82,9.46,13155.0,2.3882693102023955
2020-01-14 11:34:00,2020-01-21 12:03:00,3,23.68,53.95,10.84,10109.0,2.278293918918919
2020-01-11 03:24:00,2020-01-20 06:00:00,4,29.76,20.27,12.78,13116.0,0.6811155913978494
2020-01-08 00:05:00,2020-01-20 17:03:00,4,15.6,90.85,14.09,18298.0,5.823717948717949
2020-01-03 12:37:00,2020-01-07 14:04:00,4,29.16,4.52,4.58,5847.0,0.1550068587105624
2020-01-07 11:20:00,2020-01-18 08:00:00,5,16.05,19.61,7.54,15640.0,1.2218068535825544
2020-01-18 18:49:00,2020-01-26 11:50:00,3,29.58,83.68,7.4,11101.0,2.828938471940501
2020-01-27 14:06:00,2020-01-30 17:57:00,4,23.07,60.43,5.28,4551.0,2.619419159081058
2020-01-17 02:08:00,2020-01-20 01:42:00,2,14.3,64.26,19.88,4294.0,4.4937062937062935
2020-01-20 08:43:00,2020-01-28 13:33:00,2,17.19,77.61,11.35,11810.0,4.514834205933682
2020-01-02 09:03:00,2020-01-22 03:39:00,5,29.75,62.4,15.76,28476.0,2.0974789915966388
2020-01-26 15:36:00,2020-01-26 17:02:00,5,20.7,36.92,6.7,86.0,1.7835748792270534
2020-01-24 03:57:00,2020-01-25 21:40:00,3,9.37,5.76,5.47,2503.0,0.6147278548559232
2020-01-26 03:03:00,2020-01-28 12:13:00,1,25.8,83.59,16.46,3430.0,3.239922480620155
2020-01-19 10:07:00,2020-01-28 19:05:00,5,4.8,96.33,18.42,13498.0,20.06875
2020-01-11 08:48:00,2020-01-27 05:40:00,2,25.31,7.02,16.2,22852.0,0.2773607269853813
2020-01-19 10:30:00,2020-01-23 20:00:00,1,21.73,64.42,15.98,6330.0,2.9645651173492866
2020-01-18 12:51:00,2020-01-23 17:37:00,3,2.56,44.12,14.33,7486.0,17.234375
2020-01-24 19:46:00,2020-01-30 03:25:00,4,27.02,53.26,11.91,7659.0,1.9711324944485566
2020-01-08 07:08:00,2020-01-29 09:01:00,1,22.61,83.49,17.44,30353.0,3.692613887660327
2020-01-10 23:48:00,2020-01-26 08:12:00,1,11.58,51.17,7.22,22104.0,4.418825561312608
2020-01-10 16:35:00,2020-01-12 00:26:00,5,24.4,65.1,18.72,1911.0,2.668032786885246
2020-01-20 15:28:00,2020-01-30 12:50:00,4,6.14,60.54,14.84,14242.0,9.859934853420196
2020-01-02 13:48:00,2020-01-12 20:55:00,4,9.03,63.91,18.62,14827.0,7.077519379844961
2020-01-13 08:19:00,2020-01-16 17:41:00,3,17.57,73.76,16.17,4882.0,4.198064883323847
2020-01-25 16:43:00,2020-01-29 05:15:00,1,17.17,40.38,9.07,5072.0,2.351776354105999
2020-01-01 03:56:00,2020-01-21 06:48:00,4,15.82,58.86,7.82,28972.0,3.720606826801517
2020-01-11 22:09:00,2020-01-20 14:11:00,2,14.68,48.91,16.81,12482.0,3.331743869209809
2020-01-02 19:57:00,2020-01-05 14:42:00,3,11.92,41.7,0.72,4005.0,3.498322147651007
2020-01-13 19:59:00,2020-01-23 09:45:00,1,25.91,69.6,17.29,13786.0,2.6862215360864528
2020-01-03 03:20:00,2020-01-29 11:11:00,2,14.12,50.0,15.65,37911.0,3.5410764872521248
2020-01-20 04:50:00,2020-01-28 05:10:00,2,17.14,63.89,4.79,11540.0,3.7275379229871644
2020-01-02 08:37:00,2020-01-08 10:13:00,3,12.87,58.46,8.51,8736.0,4.542346542346543
2020-01-23 15:31:00,2020-01-29 23:14:00,5,26.06,29.56,15.29,9103.0,1.1343054489639295
2020-01-06 20:06:00,2020-01-30 09:18:00,4,6.9,62.9,18.01,33912.0,9.115942028985506
2020-01-17 05:45:00,2020-01-28 16:36:00,4,4.85,91.61,7.23,16491.0,18.888659793814433
2020-01-11 18:32:00,2020-01-25 22:16:00,5,8.29,19.95,10.24,20384.0,2.4065138721351027
2020-01-12 18:26:00,2020-01-29 19:31:00,1,20.4,5.34,11.28,24545.0,0.26176470588235295
2020-01-02 20:07:00,2020-01-18 20:05:00,5,16.29,53.71,6.2,23038.0,3.2971147943523635
2020-01-11 23:38:00,2020-01-25 14:32:00,1,21.7,18.48,17.0,19614.0,0.8516129032258065
2020-01-07 15:04:00,2020-01-07 23:43:00,5,28.91,52.91,4.41,519.0,1.8301625735039777
2020-01-06 09:15:00,2020-01-08 10:49:00,1,12.05,33.91,4.52,2974.0,2.814107883817427
2020-01-13 09:34:00,2020-01-14 14:44:00,2,22.36,73.29,15.8,1750.0,3.277728085867621
2020-01-28 04:57:00,2020-01-30 18:40:00,5,2.75,61.92,12.67,3703.0,22.516363636363636
2020-01-01 15:02:00,2020-01-28 17:10:00,1,23.99,91.4,1.69,39008.0,3.809920800333473
2020-01-13 08:57:00,2020-01-29 17:53:00,5,1.22,15.72,8.1,23576.0,12.885245901639346
2020-01-02 04:04:00,2020-01-07 13:00:00,3,6.5,34.03,6.36,7736.0,5.235384615384616
2020-01-28 08:09:00,2020-01-29 20:00:00,2,17.39,5.41,18.34,2151.0,0.3110983323749281
2020-01-10 14:12:00,2020-01-28 23:15:00,5,6.97,62.85,0.05,26463.0,9.017216642754663
2020-01-12 19:09:00,2020-01-20 13:44:00,4,20.16,71.79,5.22,11195.0,3.561011904761905
2020-01-20 03:58:00,2020-01-21 12:02:00,5,28.19,50.74,12.48,1924.0,1.7999290528556227
2020-01-03 08:06:00,2020-01-25 13:08:00,4,17.69,70.12,9.39,31982.0,3.9638213680045222
2020-01-07 15:00:00,2020-01-24 00:11:00,3,0.69,31.52,3.94,23591.0,45.68115942028986
2020-01-05 01:45:00,2020-01-20 15:25:00,3,26.98,56.42,12.61,22420.0,2.0911786508524832
2020-01-19 20:41:00,2020-01-29 03:15:00,2,17.6,89.0,4.19,13354.0,5.056818181818182
2020-01-11 20:36:00,2020-01-19 20:38:00,1,10.06,40.59,3.3,11522.0,4.03479125248509
2020-01-09 21:02:00,2020-01-16 13:25:00,1,28.32,87.31,4.25,9623.0,3.0829802259887007
2020-01-09 05:18:00,2020-01-18 15:19:00,3,18.92,41.29,7.09,13561.0,2.182346723044397
2020-01-08 03:12:00,2020-01-19 19:45:00,2,23.31,71.46,16.37,16833.0,3.0656370656370657
2020-01-04 19:21:00,2020-01-29 21:44:00,4,11.64,59.44,11.41,36143.0,5.106529209621993
2020-01-01 08:47:00,2020-01-08 01:57:00,5,21.67,30.54,7.85,9670.0,1.4093216428241808
2020-01-09 22:39:00,2020-01-15 17:42:00,5,14.31,35.94,13.39,8343.0,2.5115303983228507
2020-01-03 03:45:00,2020-01-04 06:55:00,1,26.98,70.4,17.47,1630.0,2.6093402520385474
2020-01-04 11:00:00,2020-01-07 01:44:00,3,7.39,88.44,17.72,3764.0,11.967523680649526
2020-01-05 22:47:00,2020-01-19 07:31:00,4,6.76,11.3,16.89,19244.0,1.6715976331360949
2020-01-08 19:53:00,2020-01-19 07:16:00,2,21.97,68.67,3.28,15083.0,3.1256258534365045
2020-01-02 16:38:00,2020-01-16 13:38:00,1,22.7,54.31,6.43,19980.0,2.3925110132158594
2020-01-24 03:42:00,2020-01-25 01:07:00,1,21.31,85.46,11.23,1285.0,4.010323791647114
2020-01-08 05:32:00,2020-01-25 11:21:00,1,29.37,28.21,9.83,24829.0,0.9605039155600953
2020-01-09 08:17:00,2020-01-10 04:52:00,3,17.16,40.12,19.19,1235.0,2.3379953379953378
2020-01-05 15:54:00,2020-01-13 08:50:00,4,11.9,14.17,3.18,11096.0,1.1907563025210084
2020-01-23 08:48:00,2020-01-25 07:34:00,5,15.13,32.86,14.17,2806.0,2.171844018506279
2020-01-18 20:26:00,2020-01-25 06:52:00,5,7.51,18.9,3.97,9266.0,2.5166444740346203
2020-01-01 00:08:00,2020-01-08 18:38:00,4,29.15,88.14,17.28,11190.0,3.023670668953688
2020-01-17 10:46:00,2020-01-20 00:01:00,1,2.63,64.67,19.84,3675.0,24.5893536121673
2020-01-03 22:20:00,2020-01-20 10:40:00,3,26.84,32.32,0.17,23780.0,1.2041728763040238
2020-01-05 13:36:00,2020-01-14 06:15:00,3,16.77,43.69,4.01,12519.0,2.6052474657125817
2020-01-03 19:10:00,2020-01-11 10:19:00,3,2.17,29.3,3.83,10989.0,13.502304147465438
2020-01-02 10:37:00,2020-01-17 16:12:00,5,18.74,25.1,0.88,21935.0,1.3393810032017077
2020-01-19 11:06:00,2020-01-26 16:05:00,4,25.53,96.59,7.16,10379.0,3.7833920877399136
2020-01-01 20:57:00,2020-01-10 19:23:00,1,18.46,3.64,11.17,12866.0,0.19718309859154928
2020-01-20 15:25:00,2020-01-25 02:12:00,5,19.29,34.81,9.36,6407.0,1.804561949196475
2020-01-08 20:33:00,2020-01-25 17:48:00,4,21.79,46.04,18.64,24315.0,2.1128958237723725
2020-01-15 07:18:00,2020-01-24 07:57:00,4,16.0,34.18,7.29,12999.0,2.13625
2020-01-06 12:50:00,2020-01-15 15:56:00,5,9.0,95.8,11.16,13146.0,10.644444444444444
2020-01-01 01:16:00,2020-01-13 21:30:00,5,29.32,36.8,1.21,18494.0,1.2551159618008185
2020-01-02 09:03:00,2020-01-20 10:59:00,3,17.87,59.89,8.0,26036.0,3.3514269725797425
2020-01-09 03:57:00,2020-01-17 19:22:00,5,11.87,92.4,15.37,12445.0,7.784330244313396
2020-01-14 04:25:00,2020-01-25 21:07:00,5,3.72,55.31,7.77,16842.0,14.868279569892472
2020-01-13 04:29:00,2020-01-27 12:12:00,5,24.07,55.36,18.03,20623.0,2.299958454507686
2020-01-04 19:23:00,2020-01-08 08:12:00,4,11.58,50.72,12.63,5089.0,4.379965457685665
2020-01-13 16:02:00,2020-01-14 17:06:00,1,27.43,90.35,19.42,1504.0,3.2938388625592414
2020-01-09 15:12:00,2020-01-27 22:43:00,5,25.68,69.25,11.48,26371.0,2.6966510903426792
2020-01-11 20:15:00,2020-01-20 05:21:00,2,25.22,41.12,11.53,12066.0,1.6304520222045995
2020-01-05 16:11:00,2020-01-06 18:29:00,4,2.32,98.12,15.0,1578.0,42.293103448275865
2020-01-24 11:39:00,2020-01-28 03:43:00,2,21.5,84.49,17.94,5284.0,3.9297674418604647
2020-01-03 17:30:00,2020-01-10 11:40:00,5,5.15,53.2,15.56,9730.0,10.33009708737864
2020-01-12 04:35:00,2020-01-21 04:16:00,2,14.59,45.75,11.76,12941.0,3.135709389993146
2020-01-18 21:45:00,2020-01-26 10:17:00,1,1.85,80.84,15.68,10832.0,43.6972972972973
2020-01-24 21:42:00,2020-01-28 17:16:00,4,29.91,59.32,11.73,5494.0,1.9832831828819792
2020-01-11 14:27:00,2020-01-25 02:46:00,1,13.07,3.69,4.05,19459.0,0.2823259372609028
2020-01-17 11:41:00,2020-01-18 02:48:00,1,6.31,83.88,3.36,907.0,13.293185419968305
2020-01-15 08:51:00,2020-01-16 04:12:00,1,15.27,20.97,1.81,1161.0,1.3732809430255402
2020-01-05 10:31:00,2020-01-13 13:33:00,3,13.37,32.1,10.2,11702.0,2.4008975317875842
2020-01-06 13:29:00,2020-01-14 22:29:00,4,5.18,51.63,7.93,12060.0,9.967181467181469
2020-01-10 19:03:00,2020-01-26 06:21:00,1,11.4,76.15,1.95,22278.0,6.679824561403509
2020-01-03 15:04:00,2020-01-12 19:41:00,3,12.72,70.2,7.86,13237.0,5.518867924528302
2020-01-17 13:25:00,2020-01-18 17:13:00,5,26.48,95.97,3.44,1668.0,3.6242447129909365
2020-01-07 19:47:00,2020-01-26 17:00:00,5,6.71,67.87,2.67,27193.0,10.114754098360656
2020-01-17 17:58:00,2020-01-22 09:00:00,3,26.61,38.36,2.45,6662.0,1.4415633220593762
2020-01-08 06:00:00,2020-01-29 04:29:00,2,27.42,23.13,19.78,30149.0,0.8435448577680524
2020-01-10 23:18:00,2020-01-21 03:55:00,3,14.81,12.71,4.53,14677.0,0.8582039162727887
2020-01-23 22:22:00,2020-01-26 03:34:00,3,0.99,71.31,11.9,3192.0,72.03030303030303
2020-01-07 10:15:00,2020-01-22 15:55:00,5,8.71,66.78,4.38,21940.0,7.667049368541905
2020-01-14 19:01:00,2020-01-27 08:36:00,3,28.92,86.57,9.96,18095.0,2.9934301521438447
2020-01-03 07:45:00,2020-01-15 02:37:00,5,10.53,57.97,18.11,16972.0,5.505223171889838
2020-01-03 04:54:00,2020-01-25 23:59:00,3,27.68,64.8,17.34,32825.0,2.3410404624277454
2020-01-15 18:03:00,2020-01-23 20:47:00,4,27.06,81.86,12.02,11684.0,3.025129342202513
2020-01-20 01:59:00,2020-01-27 23:18:00,4,12.97,80.08,9.64,11359.0,6.1742482652274475
2020-01-19 04:20:00,2020-01-26 20:57:00,2,12.86,60.73,9.69,11077.0,4.722395023328149
2020-01-26 03:56:00,2020-01-30 06:37:00,3,22.68,40.36,8.01,5921.0,1.779541446208113
2020-01-06 14:35:00,2020-01-07 08:41:00,5,17.04,97.72,13.33,1086.0,5.734741784037559
2020-01-25 13:19:00,2020-01-25 13:31:00,5,15.94,51.44,7.12,12.0,3.2271016311166876
2020-01-05 15:40:00,2020-01-09 17:09:00,1,27.55,99.23,0.79,5849.0,3.601814882032668
2020-01-26 12:10:00,2020-01-29 05:20:00,3,6.0,57.73,7.02,3910.0,9.621666666666666
2020-01-10 01:48:00,2020-01-11 16:03:00,4,16.7,95.58,1.9,2295.0,5.723353293413174
2020-01-10 13:34:00,2020-01-25 05:47:00,4,18.61,96.67,15.79,21133.0,5.194519075765718
2020-01-06 16:14:00,2020-01-29 17:22:00,2,6.98,87.79,2.09,33188.0,12.577363896848137
2020-01-05 06:11:00,2020-01-28 11:54:00,1,11.65,64.24,16.01,33463.0,5.514163090128755
2020-01-01 09:05:00,2020-01-04 23:30:00,5,17.82,57.41,8.48,5185.0,3.2216610549943883
2020-01-04 00:19:00,2020-01-25 00:49:00,1,19.05,51.78,19.91,30270.0,2.7181102362204723
2020-01-02 18:53:00,2020-01-03 00:54:00,2,5.98,89.18,14.23,361.0,14.91304347826087
2020-01-12 16:51:00,2020-01-22 16:15:00,3,1.17,64.86,0.69,14364.0,55.43589743589744
2020-01-03 01:15:00,2020-01-20 02:19:00,1,23.7,11.27,14.15,24544.0,0.47552742616033755
2020-01-24 00:26:00,2020-01-30 18:42:00,1,27.65,2.69,4.66,9736.0,0.0972875226039783
2020-01-22 01:01:00,2020-01-28 18:00:00,3,28.93,65.63,15.78,9659.0,2.2685793294158314
2020-01-01 03:36:00,2020-01-22 05:02:00,1,9.6,71.62,8.06,30326.0,7.460416666666667
2020-01-16 11:00:00,2020-01-26 22:22:00,2,5.65,79.02,18.67,15082.0,13.9858407079646
2020-01-04 04:21:00,2020-01-14 20:11:00,1,7.26,19.66,1.37,15350.0,2.7079889807162534
2020-01-01 02:25:00,2020-01-19 17:46:00,4,9.78,25.18,14.83,26841.0,2.574642126789366
2020-01-13 14:19:00,2020-01-15 13:33:00,3,17.11,90.88,18.06,2834.0,5.311513734658095
2020-01-02 04:06:00,2020-01-29 04:09:00,5,16.61,33.84,13.95,38883.0,2.0373269114990973
2020-01-16 20:28:00,2020-01-24 15:59:00,4,26.63,4.74,11.56,11251.0,0.17799474277131055
2020-01-01 06:39:00,2020-01-08 19:14:00,5,4.63,93.88,9.96,10835.0,20.27645788336933
2020-01-15 15:46:00,2020-01-24 04:09:00,1,1.79,27.6,11.25,12263.0,15.418994413407821
2020-01-04 00:48:00,2020-01-09 09:04:00,4,13.79,23.02,4.05,7696.0,1.6693255982596085
2020-01-04 00:56:00,2020-01-10 00:40:00,4,5.71,48.11,15.39,8624.0,8.425569176882663
2020-01-05 22:12:00,2020-01-28 01:01:00,3,25.71,87.1,5.79,31849.0,3.3877868533644495
2020-01-11 20:33:00,2020-01-27 07:34:00,5,2.3,73.42,18.29,22261.0,31.921739130434787
2020-01-01 16:42:00,2020-01-25 23:08:00,4,5.01,23.97,17.04,34946.0,4.7844311377245505
2020-01-19 04:40:00,2020-01-28 22:01:00,1,2.81,96.98,16.23,14001.0,34.512455516014235
2020-01-06 02:12:00,2020-01-23 03:49:00,4,12.32,56.43,1.34,24577.0,4.580357142857142
2020-01-14 12:15:00,2020-01-21 16:09:00,2,26.82,5.61,1.66,10314.0,0.20917225950783
2020-01-19 01:50:00,2020-01-20 20:02:00,4,5.62,5.33,17.65,2532.0,0.9483985765124555
2020-01-22 07:09:00,2020-01-26 02:34:00,4,18.03,23.76,0.8,5485.0,1.3178036605657237
2020-01-01 12:06:00,2020-01-23 02:07:00,2,29.52,60.68,10.44,31081.0,2.0555555555555554
2020-01-06 20:28:00,2020-01-09 11:03:00,5,27.04,10.65,10.04,3755.0,0.39386094674556216
2020-01-03 22:41:00,2020-01-27 20:26:00,4,19.05,49.17,9.4,34425.0,2.5811023622047244
2020-01-14 20:26:00,2020-01-26 11:17:00,5,10.75,95.84,9.92,16731.0,8.915348837209303
2020-01-17 06:40:00,2020-01-23 20:31:00,1,3.78,33.99,16.9,9471.0,8.992063492063494
2020-01-19 16:42:00,2020-01-21 21:42:00,3,2.42,17.57,2.59,3180.0,7.260330578512397
2020-01-02 12:13:00,2020-01-02 12:25:00,1,13.61,57.2,15.41,12.0,4.20279206465834
2020-01-17 14:07:00,2020-01-17 22:06:00,5,17.18,24.41,15.93,479.0,1.4208381839348079
2020-01-17 11:38:00,2020-01-19 05:03:00,3,18.02,17.83,6.2,2485.0,0.9894561598224194
2020-01-14 05:37:00,2020-01-27 00:55:00,4,21.19,21.9,10.88,18438.0,1.0335063709296837
2020-01-13 04:01:00,2020-01-20 00:28:00,3,4.4,15.06,6.65,9867.0,3.4227272727272724
2020-01-06 01:22:00,2020-01-22 04:34:00,3,3.18,28.12,14.78,23232.0,8.842767295597485
2020-01-10 22:58:00,2020-01-21 13:04:00,1,9.99,74.77,8.48,15246.0,7.484484484484484
2020-01-07 01:15:00,2020-01-16 05:31:00,1,12.27,33.36,16.74,13216.0,2.7188264058679708
2020-01-10 21:22:00,2020-01-28 06:42:00,4,2.4,78.5,11.53,25040.0,32.708333333333336
2020-01-08 07:18:00,2020-01-09 12:41:00,4,7.4,54.56,14.45,1763.0,7.372972972972973
2020-01-08 14:09:00,2020-01-26 03:14:00,1,24.6,93.17,0.41,25265.0,3.7873983739837396
2020-01-05 22:31:00,2020-01-10 10:59:00,3,7.15,77.65,3.96,6508.0,10.86013986013986
2020-01-11 07:36:00,2020-01-19 16:58:00,3,1.93,7.65,14.14,12082.0,3.963730569948187
2020-01-10 04:26:00,2020-01-13 20:41:00,1,24.76,26.38,14.56,5295.0,1.0654281098546041
2020-01-05 09:41:00,2020-01-18 15:27:00,3,11.07,98.76,9.22,19066.0,8.921409214092142
2020-01-02 04:48:00,2020-01-21 12:16:00,3,28.43,90.26,6.75,27808.0,3.1748153359127684
2020-01-07 02:03:00,2020-01-24 21:37:00,4,1.63,48.63,15.99,25654.0,29.83435582822086
2020-01-20 12:30:00,2020-01-26 11:41:00,2,18.11,86.04,12.81,8591.0,4.750966316951961
2020-01-08 02:22:00,2020-01-30 09:22:00,1,13.31,9.06,4.92,32100.0,0.6806912096168295
2020-01-07 23:12:00,2020-01-13 21:56:00,1,25.18,43.96,15.83,8564.0,1.7458300238284352
2020-01-12 13:15:00,2020-01-16 07:50:00,4,16.62,93.99,7.65,5435.0,5.655234657039711
2020-01-10 15:59:00,2020-01-14 07:11:00,4,29.1,59.9,7.2,5232.0,2.058419243986254
2020-01-09 14:02:00,2020-01-18 17:58:00,3,4.53,61.45,14.84,13196.0,13.565121412803531
2020-01-09 12:20:00,2020-01-30 19:56:00,4,2.85,11.62,5.45,30696.0,4.07719298245614
2020-01-14 07:24:00,2020-01-25 22:26:00,1,9.42,75.5,12.76,16742.0,8.014861995753716
2020-01-09 19:13:00,2020-01-10 03:55:00,4,17.48,81.54,18.63,522.0,4.664759725400458
2020-01-10 04:38:00,2020-01-22 05:45:00,3,4.31,75.17,6.12,17347.0,17.44083526682135
2020-01-17 21:49:00,2020-01-17 23:12:00,5,8.31,75.29,5.12,83.0,9.060168471720818
2020-01-10 07:49:00,2020-01-19 09:28:00,5,20.77,65.89,2.96,13059.0,3.172363986519018
2020-01-18 09:02:00,2020-01-25 12:10:00,3,16.77,89.08,8.33,10268.0,5.311866428145498
2020-01-03 10:38:00,2020-01-27 23:11:00,4,4.81,90.94,10.8,35313.0,18.906444906444907
2020-01-15 11:31:00,2020-01-30 14:56:00,3,6.37,69.23,3.32,21805.0,10.868131868131869
2020-01-12 21:40:00,2020-01-22 06:36:00,1,11.68,64.26,3.15,13496.0,5.501712328767124
2020-01-04 15:28:00,2020-01-08 16:07:00,3,9.1,51.15,5.4,5799.0,5.620879120879121
2020-01-06 13:36:00,2020-01-26 07:55:00,4,29.79,3.51,7.1,28459.0,0.11782477341389727
2020-01-05 02:45:00,2020-01-12 23:13:00,1,13.41,93.51,15.49,11308.0,6.973154362416108
2020-01-01 05:47:00,2020-01-17 17:55:00,4,16.9,9.08,13.29,23768.0,0.5372781065088758
2020-01-05 23:27:00,2020-01-13 01:36:00,5,9.54,36.6,3.43,10209.0,3.836477987421384
2020-01-07 21:51:00,2020-01-12 08:52:00,2,27.08,75.32,1.28,6421.0,2.781388478581979
2020-01-27 16:09:00,2020-01-29 12:11:00,5,7.39,99.65,16.29,2642.0,13.484438430311233
2020-01-01 21:36:00,2020-01-20 16:31:00,2,21.67,14.86,9.32,27055.0,0.6857406552838025
2020-01-02 04:34:00,2020-01-02 07:11:00,1,17.69,82.04,6.23,157.0,4.637648388920294
2020-01-27 00:58:00,2020-01-28 13:00:00,4,2.23,10.61,7.8,2162.0,4.757847533632287
2020-01-06 14:14:00,2020-01-30 22:19:00,1,4.0,68.9,17.2,35045.0,17.225
2020-01-05 04:03:00,2020-01-20 09:26:00,3,13.51,55.23,19.87,21923.0,4.088082901554404
2020-01-25 12:57:00,2020-01-28 12:37:00,2,29.6,27.79,9.55,4300.0,0.9388513513513512
2020-01-06 23:41:00,2020-01-19 13:20:00,4,17.76,62.92,4.55,18099.0,3.5427927927927927
2020-01-11 13:12:00,2020-01-25 18:17:00,4,5.05,93.76,1.85,20465.0,18.56633663366337
2020-01-29 16:48:00,2020-01-30 14:09:00,2,2.52,66.65,2.77,1281.0,26.4484126984127
2020-01-10 10:40:00,2020-01-16 15:42:00,4,24.95,67.33,11.33,8942.0,2.6985971943887774
2020-01-14 14:35:00,2020-01-18 11:35:00,5,5.52,48.97,7.28,5580.0,8.871376811594203
2020-01-06 07:48:00,2020-01-08 07:27:00,5,11.93,27.87,2.98,2859.0,2.336127409891031
2020-01-11 16:42:00,2020-01-17 09:27:00,2,27.41,73.75,19.07,8205.0,2.690623859905144
2020-01-01 11:25:00,2020-01-21 16:06:00,1,2.82,54.92,16.42,29081.0,19.47517730496454
2020-01-06 06:47:00,2020-01-28 20:54:00,3,22.08,30.96,12.56,32527.0,1.4021739130434785
2020-01-10 00:52:00,2020-01-19 04:07:00,5,1.27,41.92,16.52,13155.0,33.00787401574803
2020-01-13 05:59:00,2020-01-15 17:24:00,5,14.97,76.08,10.56,3565.0,5.082164328657314
2020-01-21 04:16:00,2020-01-24 04:11:00,4,19.17,16.67,15.93,4315.0,0.8695878977569118
2020-01-11 09:45:00,2020-01-19 16:42:00,3,13.96,20.8,3.03,11937.0,1.489971346704871
2020-01-06 07:10:00,2020-01-17 05:46:00,4,18.17,57.21,2.39,15756.0,3.148596587782058
2020-01-10 04:10:00,2020-01-18 18:39:00,2,27.33,54.3,1.34,12389.0,1.986827661909989
2020-01-01 16:44:00,2020-01-11 23:55:00,3,8.91,44.82,13.5,14831.0,5.03030303030303
2020-01-24 22:49:00,2020-01-28 06:58:00,2,25.56,69.81,18.64,4809.0,2.7312206572769955
2020-01-08 05:07:00,2020-01-25 05:55:00,4,14.97,5.59,11.61,24528.0,0.3734134936539746
2020-01-25 11:22:00,2020-01-25 23:57:00,2,28.05,52.27,9.24,755.0,1.863458110516934
2020-01-05 03:59:00,2020-01-23 00:52:00,2,10.54,52.59,2.81,25733.0,4.9895635673624295
2020-01-16 13:58:00,2020-01-16 17:41:00,2,17.14,99.71,14.68,223.0,5.817386231038506
2020-01-10 01:53:00,2020-01-26 08:05:00,1,9.88,66.62,1.29,23412.0,6.742914979757085
2020-01-12 14:03:00,2020-01-29 09:23:00,2,25.83,69.09,15.74,24200.0,2.67479674796748
2020-01-03 02:44:00,2020-01-08 19:39:00,1,10.48,15.77,14.91,8215.0,1.504770992366412
2020-01-13 13:18:00,2020-01-24 18:24:00,1,9.91,53.84,4.87,16146.0,5.432896064581231
2020-01-17 00:15:00,2020-01-29 05:59:00,1,19.6,94.53,15.78,17624.0,4.822959183673469
2020-01-01 08:10:00,2020-01-17 11:27:00,4,26.81,33.96,0.98,23237.0,1.266691533010071
2020-01-18 19:39:00,2020-01-30 03:49:00,5,7.11,41.53,1.33,16330.0,5.841068917018284
2020-01-14 07:03:00,2020-01-27 03:30:00,2,4.98,89.16,11.98,18507.0,17.903614457831324
2020-01-05 23:54:00,2020-01-28 08:00:00,3,27.14,81.95,17.19,32166.0,3.0195283714075165
